channel,BR_SM_ref,Gamma_SM_MeV,tau_channel_v052,acoustic_sensitivity,tau_sound,Gamma_lab_sound_comp_MeV,BR_lab_sound_comp,BR_delta_pct_vs_SM,BR_delta_pct_vs_v052,note
bb,0.582384276,2.370304,0.9658600866,-0.020,0.995331,2.340363,0.575028,-1.316439,-0.459576,deep core mass capture
WW,0.213694230,0.869735517,0.9920841455,0.038,1.008871,0.893488,0.219529,2.741818,0.894428,outer coherent shell
gg,0.081797792,0.332917011,0.9854002958,0.030,1.007003,0.338015,0.083050,1.860716,0.708072,turbulent connector rotation
tau,0.062698307,0.255182110,0.9704378576,-0.006,0.998599,0.254884,0.062370,-0.523144,-0.132412,inner retained sideband
cc,0.028999217,0.118026813,0.9678084181,-0.014,0.996732,0.117714,0.028923,-0.978220,-0.320950,inner mass capture
ZZ,0.026399287,0.107445099,0.9920841455,0.038,1.008871,0.110623,0.027123,2.741818,0.893158,outer coherent shell
gamma,0.002269939,0.009238651,1.0065322730,0.066,1.015408,0.009701,0.002384,4.913465,1.555281,surface transverse ripple
Zgamma,0.001539958,0.006267631,1.0025881020,0.055,1.012840,0.006550,0.001609,4.238068,1.275893,surface mixed ripple
mumu,0.000216994,0.000883166,0.9632348939,-0.018,0.995798,0.000873,0.000214,-1.538511,-0.625273,deep small sideband
