sector,observable,cern_target,mcift_status,mcift_result,quantitative,notes
identity,scalar spin-parity Jp,0plus scalar alternatives disfavored,STRUCTURAL_PASS,balanced cube-center six-face vortex is scalar under cubic-average projection,no,Pass only as structural compatibility not event-level angular distribution fit
identity,neutral colorless Higgs-like excitation,Higgs is neutral and colorless in SM interpretation,STRUCTURAL_PASS,H_i_mu and Omega_i_mu are face-plane scalar response variables without charge or color labels,no,Requires future gauge-channel implementation to be more than structural
mass,Higgs boson mass,125.04 plusminus 0.12 GeV,CALIBRATION_REQUIRED,ideal six-face vortex mass proxy 5.826622 calibrated m_scale 21.460119 GeV,calibrated,Can normalize to CERN mass but does not independently predict it yet
width,total width,3.0 plus2.0 minus1.5 MeV SM about 4.1 MeV,NOT_IMPLEMENTED,no collider decay-width solver from Omega_i_mu to partial widths,no,Need dynamic decay channels before comparing to MeV width
couplings,couplings and mass-response hierarchy,observed interactions with W Z gluons photons top bottom tau and emerging muon evidence,WEAK_QUALITATIVE,mass is retained Higgs-plane vortex response and heavier channels can be represented by larger retention or loading,no,Needs actual Yukawa and gauge coupling map to predict coupling modifiers
rates,global signal strength,Run1 ATLAS CMS mu 1.09 plusminus 0.11 and ATLAS Run2 mu 1.11 plus0.09 minus0.08,NOT_IMPLEMENTED,no production times branching-fraction likelihood or detector acceptance model,no,Cannot claim agreement with LHC rates yet
production,ggF VBF VH ttH production modes,measured in combined LHC analyses,NOT_IMPLEMENTED,no QCD top-loop or vector-boson-fusion production solver,no,Major missing bridge from MCIFT field variables to LHC data
decay,Higgs decay channels ZZ WW gamma gamma tau tau bb mumu,LHC combinations include these channels and several are observed or evidenced,NOT_IMPLEMENTED,no partial branching fraction model,no,Need channel-resolved vortex decay map
beyond_SM,no significant deviations from SM Higgs behavior,combined measurements broadly consistent with SM,CONSTRAINED,MCIFT must reduce to SM-like Higgs rates in collider limit,no,Any MCIFT deviations must be smaller than current LHC uncertainties
